Time (Ma),Global mid-ocean ridge lengths (km),Mean global ridge velocities (cm/yr),Global ridge velocity standard deviation (cm/yr),Surface area of crust produced at ridges (km^2/yr),Global subduction zone lengths (km),Mean global subduction velocities (cm/yr),Global subduction velocity standard deviation (cm/yr),Surface area of crust subducted at trenches (km^2/yr),Global transform boundary lengths (km)
250.0,39542.84733052045,10.045580684230119,6.022810071232701,3.9765390415098567,69992.6855411998,6.325078101253223,4.3134166628436965,4.426266597773749,9082.080833076028
249.0,36166.5115788097,10.522225694437996,4.082676781524405,3.809463110443963,70093.79033744692,5.657863897697539,4.113065056278716,3.952786023112374,12396.391246850866
248.0,36138.65811585492,10.398738403001644,4.185128420078238,3.761926013654841,69639.86974668503,5.791186162276903,4.188847874530374,4.033295153681199,12431.902499199026
247.0,36102.490468122465,10.421045084613576,4.165210041870573,3.7662921975738497,69465.999810791,5.829588754755489,4.192110921190419,4.049884609102399,12466.863417395793
246.0,36064.16989060274,10.44567387108162,4.141794811555924,3.771254780513728,69291.3253823716,5.869952749509346,4.195595549158053,4.067651971442569,12501.241523317349
245.0,36024.72530430418,10.466399106700838,4.1207587356689,3.7746719128968818,69126.05555623844,5.836254541105747,4.097985135487724,4.034635066328864,12535.003862774694
244.0,34123.49252948204,10.816649514926258,3.946641602287099,3.695382883981365,69054.60796703942,5.934455839543828,4.211010885514062,4.098270436836258,14429.077443975853
243.0,34166.725236471204,10.82636129508894,3.9262868338987866,3.7034367839151345,68995.22539408787,5.956464198140048,4.220324369566509,4.109919302709027,14382.64018894348
242.0,34210.341300689135,10.83504828563956,3.9065343377009936,3.711189061611857,68935.84031325256,5.976208476973558,4.225715071411686,4.119980181365035,14330.74282533962
241.0,34254.333876847246,10.842768811108574,3.8872837944190954,3.718657688628028,68868.52194980142,5.995390527554113,4.231398666894077,4.129154054021102,14273.908566607659
240.0,33104.61111561987,10.802028229808705,3.878234719681303,3.5802513987654154,67409.99317383619,6.063135580359875,4.247166562031219,4.087375725574239,14853.71040747825
239.0,34738.967341563366,10.65685769691425,3.9524113926892186,3.7066528827605976,67131.78826086315,6.589398671234569,4.071809888241503,4.423817922963124,13214.358712175783
238.0,34829.449153035974,10.654908202155392,3.938434855981712,3.7156492166352995,65547.78215580183,6.6340150969064045,4.1007863986472834,4.348630170819799,13163.33015074473
237.0,34947.447708176245,10.656325545750123,3.929059419648134,3.7287528905429173,65526.30020419815,6.628893373209504,4.098648753418365,4.343825091117925,13097.647166554892
236.0,35062.57650917523,10.659389637667541,3.9208947222725103,3.7421316037523806,65006.9664323158,6.652315648924868,4.094633299508405,4.324650149356508,13032.91765164799
235.0,35187.688039989116,10.662359506934205,3.9127346470783166,3.7565506044943286,64695.14129270136,6.653797986250148,4.095632613298946,4.304862625875005,12917.901984187856
234.0,35306.79339594881,10.6667243027083,3.903272810312937,3.7708318588179996,64463.71364686568,6.6146118951021435,4.144265590753777,4.26419134996426,12777.778195686364
233.0,33741.50607643366,10.54580734193154,3.8936246433581303,3.5627356508599144,64228.201585015675,6.616561632352534,4.143198970441897,4.249851679183503,14240.797089199008
232.0,33840.51867414352,10.541073703334389,3.872603659607928,3.5716114443916047,63995.088930461665,6.612824837725851,4.143742468400193,4.232021049538723,14124.412044153863
231.0,33934.27421802698,10.539525618408113,3.84979242637722,3.581005470505469,63789.94881578389,6.612722207662462,4.145274157252608,4.218375213280666,14020.064264624143
230.0,36207.31683663222,9.804976747881152,4.585218821650193,3.554752692005439,61876.56734462245,6.7842225504810765,4.165537216906419,4.183597712809068,15963.506070158648
229.0,41908.990424125914,8.103306809595964,3.768194529727098,3.400298344299896,67463.13912463922,5.206465725069409,3.566516559141792,3.5120430703401024,10727.315754637504
228.0,41954.016064399504,8.09341671235274,3.7720017825745917,3.3998130889985365,67396.6844014844,5.200134149717828,3.56577505066115,3.5042969588479598,10712.11674166593
227.0,40743.50680803171,8.283218858905974,3.6484817231036697,3.3791601663711996,67327.41086048044,5.191391194449077,3.563290000941465,3.4947896389818203,11969.65116335968
226.0,40801.23253238808,8.269720900258863,3.6523888484070017,3.3784477500084007,67259.47975167754,5.180924073348356,3.560765998717192,3.4842049870547296,11970.733062389801
225.0,40858.63940316326,8.25514011842303,3.6548817611699054,3.3772499704132706,67192.8857772899,5.170844211722558,3.55828666124768,3.4719999684917835,11971.636900487174
224.0,40921.96722106472,8.240448022311687,3.6603192041179224,3.376477682430678,67360.02526213317,5.144917347239105,3.5630510509825037,3.465120071230342,11970.145877841698
223.0,40992.68346185989,8.22138393599912,3.6664899299749836,3.374499938485295,67415.23249032062,5.134201936853202,3.5565622282584703,3.4607170609128453,11968.487011379833
222.0,41063.4106792037,8.205374226659876,3.672518015738427,3.3737514343683217,67463.73342606475,5.1240759947564785,3.5509925628965084,3.456358168946902,11966.672936463508
221.0,41020.40912607654,8.205117285207995,3.666133580823002,3.3701191848927046,67489.2500282707,5.114649079493819,3.5476560177320735,3.451288587621477,11988.354321353998
220.0,39806.19463085007,8.204869083242412,3.868090317004223,3.270069887749785,67507.30404144827,5.114422712685883,3.546177623765579,3.4520440243654016,9413.050471030352
219.0,39982.230142469816,8.331409596523862,3.5872332494873937,3.335190882104669,67420.328811389,5.274457926926043,4.133022781317713,3.5554549727398643,9262.315101554628
218.0,40002.666339441515,8.327176931778887,3.5877243559455825,3.3352093793691724,67333.20722345162,5.279530665586662,4.147262631897523,3.5542560405299293,9260.258152448236
217.0,40025.96809066723,8.320178500120157,3.587947019439827,3.334354863484817,67250.20977909774,5.283960452381439,4.161854141993386,3.55283485753632,9259.611418916385
216.0,40048.8050670933,8.313460518617386,3.588392257556073,3.3335695102828558,67181.78793790238,5.285819704189416,4.175918259112144,3.5504526761605555,9259.056570793196
215.0,40063.44604857532,8.307635230248845,3.5897201922582425,3.332456600431818,67118.08520692878,5.287877459225193,4.188579029444494,3.54845119884367,9258.59336224018
214.0,39173.91511414199,8.439188747169935,3.5158569073636534,3.3100393076976986,67057.44068447773,5.288687240214309,4.207263294779655,3.545773348861965,10154.739738480388
213.0,38675.35781576738,8.517431168848072,3.461888768700768,3.298247866498684,67005.00864333328,5.289935342456273,4.219081680594249,3.5438232887056675,10664.20426313932
212.0,38706.512532010034,8.509846938613801,3.4632751588224258,3.297968327691589,67003.40556735966,5.297468208608379,4.238206517256741,3.5487720009519648,10665.140219064104
211.0,38765.08646366463,8.497298924472096,3.4680968748174426,3.298091100523731,66982.18654828891,5.28314812248476,4.2608713841654815,3.538046919824148,10636.052303413204
210.0,39237.701133834424,8.383646019513648,3.5414106214752326,3.293603694909638,66965.12469595592,5.2815781036347795,4.2787765332530965,3.5360844481431655,10120.678408533886
209.0,39319.518345977755,8.34925109343954,3.5775634898323165,3.286926115123583,66995.6236316965,5.106982046295315,3.8151288623553787,3.420740154281618,10038.027303049565
208.0,39404.93375438043,8.333374435981698,3.5840894981354494,3.287796801045355,66986.31858388844,5.112444525428072,3.8224355288185303,3.4239188824232345,9956.04812985435
207.0,38727.70486852409,8.444429217799179,3.5102841597226915,3.2744006814876383,66977.64174767696,5.119770043485701,3.832085498540179,3.4283769882727166,10689.984662656665
206.0,38802.74843776183,8.427545377802243,3.5180003779284084,3.274178486384595,66969.81896662692,5.12675438731299,3.8401939466831925,3.4326498787326605,10685.129838350804
205.0,38887.0714419452,8.410931428006988,3.5242585423454336,3.274816665555154,66991.89325666649,5.133494961486207,3.8506426918589938,3.4382938461019004,10680.261225060012
204.0,38821.52031547616,8.42133041226356,3.5152584725047986,3.2733329635848887,66952.85234744097,5.134983680088677,3.8627579380237975,3.4372862464698706,10826.631065091355
203.0,38901.601599443406,8.403858483237833,3.522289791252427,3.2732686928251695,66916.63076814638,5.134990480745364,3.867378017785842,3.435431518446372,10819.770428734562
202.0,38975.311331176425,8.38935650158155,3.528129388929243,3.273798981700079,66872.49752065104,5.135143905376862,3.872911788001001,3.433268785592694,10811.75237081446
201.0,39051.522180917804,8.373740376391426,3.5356565618993323,3.2740805860902724,66826.47133255546,5.1341339082940225,3.87746797846832,3.430231773429714,10803.678555245377
200.0,37295.748501966824,8.724579369581688,3.322913606398215,3.2576525257318156,62477.55308049001,5.680282988627538,3.8113207242629743,3.5482725804398836,7298.906625128436
199.0,35719.88734174957,7.986140976188323,3.4907793163465994,2.8557801226012076,62574.18371258946,4.243353945762947,2.892996870071193,2.654761683044418,12111.87914628985
198.0,35709.46233250148,7.985894950990289,3.4908354756668225,2.8548767403190225,62580.36019208874,4.237381371419104,2.882792905529141,2.651278585558565,12083.281189706222
197.0,35702.12569147883,7.984129376662591,3.492668306696949,2.8536766622791503,62587.10816766888,4.232653795252268,2.873298234696562,2.6485982056502793,12054.87450941153
196.0,35693.371192737584,7.9797909513808705,3.4942219856602987,2.851443567166745,62592.426504504816,4.226997323806749,2.8636117380918638,2.645275455179776,12026.657059339565
195.0,35689.18188329444,7.975996437690769,3.4977477278037075,2.849768246930217,62330.5190101236,4.236735587356633,2.8667297531735705,2.6402926792104098,11998.626850187999
194.0,35674.76352987911,7.968468203780077,3.502108790012745,2.845938890759356,62339.371856722864,4.232469883712684,2.8602006216109443,2.6380005717831776,11974.482906280522
193.0,35629.73380826444,7.962872647887546,3.507229384262691,2.8403588487511997,62357.233822569426,4.2342260716575355,2.8500062297425623,2.635889913899882,11957.106289985766
192.0,35602.49070145035,7.956597094098636,3.5130287382107275,2.835954356124516,62373.91544190584,4.2281320266785745,2.8439564573589395,2.6350072324670197,11919.335623346924
191.0,35659.79194670224,7.940197588239301,3.519156613366757,2.8346462537420205,62388.823774010954,4.23292724796359,2.8425971449427507,2.64035638271731,11773.927331040519
190.0,39142.05730076985,7.2760953738440906,3.9109742262288743,2.851467091349346,60528.134111903404,4.3425248475811475,3.203934225643109,2.6282582452487295,11027.636192297796
189.0,39549.34656906241,7.3315665916912565,3.903736637509899,2.903137179114017,60400.04841465952,4.5363993817667465,2.749316868237253,2.7397743604013485,11011.592601302013
188.0,39916.68819524935,7.296811082960893,3.8654252620633573,2.9162437684470386,60248.81123555543,4.53828337384727,2.7439377654819945,2.734038890146043,11000.279855299283
187.0,40348.02845212606,7.254757612873175,3.8341960350754247,2.9308030004644063,60082.96542724526,4.540533100671293,2.7383169322903624,2.7278582453684668,10989.088846784649
186.0,39382.10502825355,7.282760286440241,3.856530078956708,2.8719730078288683,60158.806249722955,4.516281355596928,2.722296910048069,2.716718083892287,13296.076615171904
185.0,39687.76687425194,7.237731204923247,3.8098134412654026,2.8763870029487784,60082.511407434555,4.519673074728321,2.7124801094209583,2.715311006826036,13248.17527438573
184.0,39970.67797174517,7.186910710783564,3.756954579478879,2.8765670123176728,60020.56300834795,4.522630654376124,2.6800349035466553,2.714287258870599,13201.651514430961
183.0,40250.32172115727,7.1327332484004105,3.696984766467768,2.874871832562483,59981.371987217455,4.523312618638201,2.6699321666569813,2.712924282852245,13155.271334369301
182.0,40526.51978127631,7.078376248800507,3.639253610002334,2.8725558798114275,59977.074486698446,4.522912443527706,2.6598280521963766,2.712492955865168,13109.033031295314
181.0,40804.19846934473,7.024807207228994,3.5816236905013046,2.870367685932706,59987.52121395461,4.5208547048277845,2.651680975412101,2.711734808246591,13058.2529597192
180.0,45084.13180984535,6.493561120931998,3.9127781148817937,2.9316667616435828,59807.910608348,5.327001472351163,3.0242683573699516,3.183266847792493,6500.348368201775
179.0,45417.73181985785,7.5380965295963405,4.429321573486118,3.428448431269782,59775.1690362003,6.410490824170735,3.093169497898813,3.8286356466346856,6499.5596160233345
178.0,45684.13166340332,7.494740203275231,4.371410283137576,3.428739728186842,59743.67812280201,6.413881743494997,3.0918894871229314,3.8286459960643775,6498.769831426937
177.0,45969.951124438245,7.4534436302826,4.313329720539012,3.431196933542196,59713.42499329329,6.41781546052221,3.091388768086924,3.8290575341169033,6497.979010164778
176.0,46265.099606457436,7.411185748342485,4.2559520506753135,3.4336637910674503,59673.01888234023,6.786695963967428,3.39605797477253,4.046408886001272,6497.187148047566
175.0,46556.47018951178,7.373917909838116,4.1980924069742676,3.437927385507924,59494.34179897495,6.801281524994998,3.3892232766161814,4.046209553886537,6496.39424069669
174.0,47128.081888356064,7.292554552158675,4.168134488845126,3.4417632437067804,59466.50737154521,6.777706074934395,3.352688747441075,4.030306614149342,6670.75385349167
173.0,47410.43725193488,7.253886912356933,4.108565480535959,3.4440355758174492,59446.25756067535,6.758091320907979,3.3635305548267374,4.017282844308268,6669.827134190284
172.0,47728.01075641806,7.224911306519421,4.060200197769667,3.4532669008691865,59438.07128542172,6.756377151742743,3.363620591555602,4.015503886741439,6657.8304458847615
171.0,48272.417019238645,7.197119010439126,4.0410538163429885,3.4792411601265893,59427.213483354186,6.753692502607491,3.3628063483314032,4.010824850400361,6499.193464719009
170.0,53130.14271159118,6.696547729325361,4.181033626155241,3.5631640516895446,61695.48620554322,6.420757812608084,3.6457957807946597,3.9563168865529215,6867.032142535748
169.0,52695.98744275946,6.789946647623992,4.103477992119752,3.5833421787895188,61695.28722312852,6.4426426193075415,3.7514902692177614,3.9671619936952873,7679.039071290556
168.0,51114.83788687411,7.037463185056006,4.486845239964149,3.6024720028891903,62501.187174655955,6.3361734026390995,3.7855062110251425,3.9501393816280803,8869.957104868046
167.0,51402.96472749061,6.3064650551795856,3.8134479038377043,3.2464901202553893,62562.39786366656,5.769992610934386,3.274424914614627,3.5987064125956194,8867.648201695361
166.0,51749.63248880644,6.287432936978747,3.7723349990165014,3.258540623871926,62572.28377262065,5.7675523263459105,3.2801536022968585,3.596062857916128,8865.387276206786
165.0,51868.087213012855,6.2813296257505575,3.7158999445257774,3.2628398900136246,61414.23602062792,5.799814096236394,3.1840376890971958,3.561986974023686,8993.150155798754
164.0,49001.44158320683,6.761799527769518,3.2732102242696883,3.318236393130868,61356.94854447263,5.575190681562947,3.111146492968706,3.4208409314732773,12089.931936511215
163.0,49150.79511741009,6.8007794192762105,3.160541011448001,3.34754307505557,61272.63979086389,5.487872609501955,3.2198589322095783,3.3626399613328384,12074.366842803607
162.0,49346.32827035332,6.774479498975348,3.114554293851194,3.3478703044446423,61255.53853145232,5.486141139541796,3.222959062408899,3.360650166814222,12058.89833908911
161.0,49584.95088123366,6.748583296080873,3.0690170644894432,3.351208022993591,61269.14298745273,5.5297545541784725,3.158011030443987,3.3881318055591985,12043.529308880941
160.0,42832.524171904006,6.882129168325704,3.2283321003066523,2.9518027675687337,69070.25920266926,4.39367329563879,3.0283649548943816,3.0342522336459994,12470.232111594667
159.0,43133.81684676104,6.836210175744401,3.18519334362202,2.9527267051131427,69058.89893454542,4.936222537369511,3.3216750660383325,3.4083890547015874,12267.803083813094
158.0,43521.710599173515,6.786425965224579,3.180080406096015,2.9575784401002267,69039.38058865897,4.844331134837548,3.315506681391901,3.344008512142256,12038.062462503874
157.0,43570.07875915587,6.799664118820612,3.136931733836916,2.9666235031776744,69018.24042616988,4.859621950497692,3.3116136994963186,3.3535511046756157,12247.294046808463
156.0,44161.45321858586,6.737013890323053,3.127288255527938,2.979194154356728,69482.88987596046,4.927815269171769,3.3587457198535664,3.423568025658012,11899.144201201701
155.0,50428.89468395124,6.244752341517657,3.1686799965870516,3.15315807351281,69276.42391251272,4.629408498629945,3.1947432234577398,3.067839093110541,16667.99851873467
154.0,55634.33437319052,5.663713562869112,3.045586090511076,3.154698234362577,69321.0267328922,4.663184272614845,3.2428076238676025,3.2321792378463194,21430.584228283275
153.0,65991.38062997247,6.919143052605776,4.341513913799886,4.5716004523685045,69297.08915294436,6.498898161462387,4.3820157976898555,4.503015246597057,21097.51276257863
152.0,66359.19184804436,7.013524036105502,4.2068622756723535,4.659791551639076,69250.48142163132,6.637534193034354,4.439752457688184,4.59598773080618,21237.304286258466
151.0,66610.99239724713,6.97653584352646,4.165406164963449,4.652822929989596,69204.16905140779,6.654897469164873,4.422402310410022,4.596059227288947,21224.282547594685
150.0,66727.66385181867,6.994902331392777,4.13220829913932,4.673190697216657,69811.51813917332,6.5809254720652035,4.441095598641546,4.593710359866988,21138.345414719664
149.0,64321.55357706726,7.2488380679138436,4.000594391689827,4.6681659981389965,69818.58915413599,6.702948836244181,5.381477297742169,4.676694741146135,23898.851478902507
148.0,64432.23224592881,7.354374744023268,3.8676933874868187,4.74420773195768,69858.86230184662,6.63906577077407,5.530588022259368,4.631995184081585,24133.845467422787
147.0,64311.8453361359,7.3519456916603,3.830265657559204,4.73376105318524,69935.54716003721,6.607022692273269,5.546073300583342,4.620166041660454,24151.383023951603
146.0,62242.55428876602,7.328402184221471,3.927564959074833,4.566759871896965,70189.04098673056,6.348024139144136,5.045371472032492,4.455108949830414,28253.746908153757
145.0,69013.29200093441,6.885010319757543,4.032097032004037,4.756921168791223,69629.97236645436,5.976652762502743,4.816142002232733,4.14664067180422,26248.508387308226
144.0,71628.2529019883,6.878735781107766,4.065356432272601,4.932569909433253,69523.145078117,6.700227536177034,5.112995020957504,4.641506630822638,25710.876856496616
143.0,70502.10218506498,6.990364883869918,3.9797992338105757,4.933714551202677,70449.50800796616,6.62027407022642,5.148114228563289,4.647540897802272,27318.721105203538
142.0,71466.22984750963,6.982148574257172,3.923790481375092,4.995138698585413,68769.15230482166,6.966510964307875,5.1023210367776,4.77381828369429,27405.08327306358
141.0,76201.96648550832,6.5208834371546045,4.123369251536878,4.973933420932952,68878.68596246337,7.089564524892607,5.1661249194884835,4.865904663473387,27800.401830876774
140.0,73507.59022430083,6.58356634536224,4.146833482589871,4.844249311757926,64956.4610514775,7.34971720169359,5.117140567525527,4.701299772214379,28043.246950541587
139.0,77575.37715268995,6.300573660556379,4.180497639764851,4.892581248679063,66365.11984997545,7.489632237316258,4.622511732286497,4.8958926215981595,28208.694375845553
138.0,78532.10406220137,6.289177374754426,4.144272725784056,4.943929721510996,66337.08442132694,7.55800958340992,4.618304933403477,4.938201124414256,27370.43447485936
137.0,74188.7683558319,7.997152557552782,6.03937077372111,5.939260974628034,66985.58382916714,8.462971198194683,6.290548591701366,5.510714469487879,34550.4452587902
136.0,71520.62354855111,8.292628911690155,6.443114113977059,5.9372110053895115,67005.41465528558,8.556557664118571,6.446797394729541,5.572490016299781,33879.552593154716
135.0,73089.22068963252,8.14911568417149,6.365385643903277,5.962532298682542,69742.62078689686,8.254334637646005,6.3652832453589765,5.6651876751573464,35903.92467500722
134.0,72950.23268749117,8.109466445056183,6.317047064012034,5.922282196774979,68897.34552876125,8.233809275615059,5.782985166042254,5.654028806494141,35803.49705904204
133.0,72991.31177550345,8.098601366059206,6.291116306775543,5.917680762411984,68953.14216876046,8.165966231265983,5.796303158979888,5.612002131116746,35911.49176254652
132.0,73801.6520346676,8.175104378399913,6.157951307678627,6.039722399937122,69025.07687289931,8.176921891993617,6.069413985053126,5.62542003842344,36245.71649705583
131.0,70782.9303476439,8.519318431831783,6.090399166489205,6.036652011672581,69924.20635614225,8.284023581946967,6.488790274331757,5.698351605594076,35391.424856405334
130.0,69586.4807682938,8.73268538992748,6.209039118710049,6.0836814826047,66133.54783411411,9.404150895642463,6.83063482013393,6.127641725291249,36806.24731205486
129.0,75276.96164022606,8.806211260604346,6.656551022269055,6.636037457811986,67169.0631150742,10.041805015869295,7.641770089548491,6.647323177756853,32808.69494708151
128.0,73427.95408537993,9.082380343618953,6.612205521427226,6.676157859465345,67278.82356133794,10.338936512065166,7.425904842139209,6.855392709840938,34787.68909747614
127.0,74920.6193433162,9.030067088198086,6.553140882752191,6.772249905183611,67332.33917653962,10.179267097049784,7.486403453963502,6.714273338105442,33527.975692418266
126.0,75522.59211474803,8.982517493861963,6.5103604899516325,6.7905403544229515,67158.1269694327,9.990118588963309,7.413277718512393,6.6121999142136305,33011.77797007761
125.0,72016.60688936716,9.258015747080153,6.030657587752876,6.672962442406013,68323.18750303557,9.665121049417605,6.906505482166055,6.509971150173484,32966.153805878326
124.0,73297.43824215556,9.404958402266653,5.70203213132717,6.8989888271756685,68545.07026230916,10.021577625033826,6.677507955781629,6.7450738663796965,32939.4954137148
123.0,73478.17401183915,9.225911990498103,5.736775293795257,6.784369031158671,68449.27519138489,9.731589147755306,6.579450950126096,6.543247915108907,33104.1263401175
122.0,73753.55408589478,9.117974797434751,5.763795816832583,6.730157248740937,68362.09543144115,9.485825353696239,6.508648678265022,6.372013600554252,33264.977406484795
121.0,75315.11607175392,8.936863788768576,5.827287747237326,6.7362944553017226,68220.23111113285,9.44311515780341,6.474715380743332,6.349062562324357,34046.47144375809
120.0,76576.08619397855,7.556928559182895,3.8543303474152126,5.791639381428853,67504.34475500003,8.894929636739288,5.700067018168687,6.006837001207127,34006.33391308198
119.0,81683.19542044002,6.603544322858861,3.314796761856353,5.397327742388802,68221.39284980277,7.93914651141185,5.334538512797926,5.41819457794937,38410.60100306658
118.0,82388.92187702114,6.5612049128371375,3.314983415052138,5.409129064729582,68045.10810850727,8.013907892361576,5.259467975873315,5.455085602556109,39073.82197985258
117.0,82506.64672843087,6.548668759102229,3.3108856773745283,5.4065241649085705,67859.41164964582,8.018634690472625,5.252958952784087,5.443407052284238,38908.26736367036
116.0,82529.04052823219,6.542580788121089,3.297229181014008,5.402980058169778,66899.73824095966,8.103202343055747,5.208612054087479,5.405985136816427,38784.04868946594
115.0,81517.82915676934,6.5958657061598975,3.264077744134048,5.380253483156894,70343.07291969242,7.639633780403408,5.361749842828522,5.3663845816748195,39057.41239534464
114.0,81585.40530657745,6.597076718901427,3.2448793376301706,5.385692007378891,70126.30218862419,7.622509465382734,4.918829263567338,5.343750063749211,38686.57549139765
113.0,81637.01110505086,6.595387439414431,3.2379092295060055,5.387702701116838,70153.88655993408,7.616930413559939,4.914796632751986,5.33030255590425,38412.364590026955
112.0,81560.30823662326,6.599743540271705,3.2252977447523463,5.386206896951733,69933.8037110396,7.626256462961502,4.917322545679167,5.336002752083381,39543.13910695012
111.0,81670.73810122686,6.591327532346735,3.219198228324859,5.38662289922866,69927.7333931674,7.627152332481388,4.91291179633983,5.3361552511837,39404.49600033854
110.0,77763.96278859545,6.622341944792786,3.3237857454198756,5.152879982856989,70757.40951970588,7.488713630571695,5.031769461077129,5.287088166044112,37953.653964678204
109.0,79458.3174116105,6.9919753355111895,3.873265265290927,5.55984738638671,69363.0151106784,7.698718077315696,6.216611080882842,5.327371044823643,39442.237990634414
108.0,79305.00058186571,7.004598761660021,3.8432489902037577,5.559074676503572,69232.38281152159,7.666297786741149,6.1720584948965005,5.295056544270286,39419.11192113269
107.0,79166.3425387243,6.987872453943063,3.841836354678809,5.536104506733789,69186.33762545348,7.650442310848759,6.106911665033866,5.280686508281509,39336.34836597445
106.0,78965.0823701098,6.9737078039597,3.832867815035848,5.51085418252998,69145.59100088807,7.604803307171575,6.040044819758705,5.246174312504775,39417.70134212291
105.0,77935.93604049979,7.107106021814207,3.7946006389339764,5.543118228888256,69172.1354322953,7.608526465179559,5.999629405121662,5.255276974356438,39518.686295954096
104.0,77675.12046048716,7.09826697168948,3.800431552832829,5.517701644141168,69116.86436399569,7.747577208727778,5.9455153500085745,5.3492549377045275,39743.277803425335
103.0,77032.54800725493,7.061092604292867,3.815738454625253,5.4433262055080816,72006.73497263408,7.1729792757253055,6.09794794246149,4.463602828954423,39838.68187636494
102.0,75845.2197713067,7.070749292064832,3.836460718052631,5.366787779455369,72314.77774538526,6.894371012189977,5.886498298290895,4.26417182735806,40551.67179861934
101.0,75748.81265057225,7.041697488237716,3.8398281825630716,5.3378804704551195,72644.77579017052,6.822234958120546,5.816098192103189,4.265147706574963,40155.18648775197
100.0,69546.73187695046,7.032466655932812,3.7766179464243335,4.89462434993382,69315.08168480966,7.251103525796776,5.904376266177216,4.9590778729026095,42202.48238412777
99.0,64084.03043099028,6.359878146566982,3.6814361588131455,4.078821736584252,70699.92776647727,6.308131038175958,4.220226658152122,4.313453519956641,49542.985126705295
98.0,64253.01950510843,6.343354823159938,3.6823079665259635,4.078925557994378,70080.4983950664,6.22648140476017,4.246584965914012,4.306538788695067,49287.06521296022
97.0,64502.403974947374,6.327676067878703,3.6819407041975762,4.084609182008415,70046.02995020873,6.212919841911251,4.242378767860743,4.295279047953049,48925.65101679206
96.0,64473.06894244369,6.316872640224277,3.6824030590296233,4.075747534870873,70001.8695966302,6.180493403182757,4.241676495827535,4.2703813012649485,48765.95488728516
95.0,64390.93756450288,6.314225070420091,3.670311048423485,4.068900275554765,69572.35778196086,6.194620352539418,4.217264842443397,4.243342285370106,48038.770466445494
94.0,64561.12171132313,6.279801497890642,3.680442151059827,4.057434673383541,69515.29733719448,6.328309366859763,5.061091743936994,4.341994339408894,47729.20435345897
93.0,65834.66789690232,6.300843262986612,3.6896100819649367,4.151192384845781,69327.94567304058,6.327956809146238,5.061366435601813,4.329152079580351,46786.75943879687
92.0,66362.34590399556,6.226315801702033,3.720205233293569,4.134977821262056,69510.42201136235,6.284024614419583,5.043159080811951,4.311165640425601,46015.72263091249
91.0,66651.87079456555,6.20272965444116,3.721643128000124,4.1372066375680125,69434.53118459794,6.260324291638045,5.0512756559825425,4.289923532008385,46083.9795387273
90.0,67660.86542494703,6.329287022258232,3.630022284174632,4.285648239591859,69781.81506294032,6.232422029522863,5.069395103333961,4.270384062742531,48703.39363636641
89.0,69108.39502633702,5.931877111085521,3.75035733835623,4.102522048358032,70016.41535046264,6.213553624890892,5.570275181863303,4.276327421413978,45654.374364059004
88.0,69333.60629499282,5.934387310779315,3.7472202270281105,4.117617120358102,69861.06906667915,6.213816151244924,5.566830859198393,4.280506939756497,45653.84551970333
87.0,69496.82069930677,5.888752235462153,3.706338992865863,4.095542017771276,69840.06072708342,6.164902598301949,5.488707489790643,4.245750572973727,48190.62367179341
86.0,72629.31254862712,5.941618084983924,3.6085578739781634,4.318615049158877,69869.08014725854,6.166201623003813,5.490153538588737,4.247156414108644,46338.94403924424
85.0,61969.5137344724,6.2798355214655235,3.917531354406477,3.8944939386139215,71161.00482651338,5.992118244874482,5.79688653975214,4.133219117925238,33943.22619693333
84.0,65367.02778075108,6.308868377706106,3.9400120412257844,4.126824348684137,68118.45547827549,6.3251058939969855,5.770740397159099,4.231835714013582,30789.637057912998
83.0,61693.75550055157,5.973435184389726,3.962706226152627,3.687752334250973,68179.5749482314,6.137299948286108,5.685467975219821,4.089889232301579,38297.471841321465
82.0,71647.8284796412,6.731276940439105,4.389610328024076,4.82534266338306,68127.08338467176,7.476928062578542,7.848030608438386,4.975070510211824,41654.22641617762
81.0,71666.19646062914,6.7204840038463605,4.383265622053042,4.818832428300361,68076.64137627666,7.444758677767298,7.8319102245772,4.945917719091578,41710.48503158599
80.0,72445.69059948457,6.760894495786016,4.364506690572106,4.900453769652589,69750.3374194129,7.2488734654299,7.80578837899724,4.932682436527492,40657.46804271644
79.0,72332.0351673919,6.48996147448942,4.091031856967539,4.696677802732917,66911.71824701624,7.319145935449407,7.891975096169884,4.758094335917969,40734.27357471247
78.0,70369.35963018677,6.203103965391647,3.9461077223506793,4.367280315140882,66795.01302605664,7.1153629244415715,7.090269394046905,4.613221622003728,42964.84597104287
77.0,70712.37881721993,6.206797505757151,3.923477289393148,4.391138605691543,66679.35031975016,7.1334735262460995,7.052387443960841,4.614628401686197,42809.88014194514
76.0,70364.83692925119,6.1699504972160835,3.909191052068493,4.3436288944907435,66573.25341323638,7.140870580013268,6.730058587265655,4.609336675857258,43150.70355131095
75.0,67584.64498153252,6.310290577513956,3.8233029055142476,4.267275144061831,63358.04135923523,7.152348054721818,6.207977931720528,4.385203493805739,45922.683021711426
74.0,70454.11713351015,6.359260384789506,4.006493933676109,4.482775110350878,59199.01297298552,7.426055889589377,6.2580590834412275,4.188690646510368,45964.22760138414
73.0,74540.48452600419,6.633563908125041,3.9271090311217414,4.9470861347848,59367.557624616114,7.601210697461752,6.255279819016328,4.354308880771477,41922.315413894954
72.0,75279.63496084952,6.983391579157963,4.165894851532301,5.2594686656798375,59453.12981892561,7.789166396704751,6.335654226880335,4.466635965531928,41238.70538208539
71.0,76875.92682188252,6.812208797559332,4.182231922615039,5.239113977188575,62990.93530563729,7.321817485016064,6.337082029018103,4.452194530303719,42629.88238983365
70.0,76589.60167514325,6.782809233059329,4.1434187140311725,5.197078603811493,66144.7706988975,7.415179856778132,6.199684144310444,4.750386804141179,42099.2051707892
69.0,76397.5565348411,6.842731061586674,4.108131444145974,5.229860836420528,66038.45188587609,7.510819463085709,6.081005056237121,4.804975267922249,42219.991401581035
68.0,76112.37425333771,6.84838428874259,4.106392768504537,5.21464288572951,66239.99431868091,7.535758066556105,6.046962381371039,4.834130514350297,42423.83650134356
67.0,77638.08513879396,7.071792674225731,4.636395357866493,5.49279744807861,66502.36355716635,7.402290004412667,5.9346465389060965,4.610063657270191,43474.7327581366
66.0,73777.17642621057,6.690740842939046,4.898746582883332,4.938026562578605,68761.88500600091,7.315826767852165,6.0442071071177965,4.5432471925928315,43310.28575890983
65.0,72864.80496036503,6.682922355584389,4.91995154378352,4.871170915757781,70392.13585495672,6.877089193510463,6.124757973476161,4.57148964161323,43324.447881632506
64.0,70134.66588505366,6.899175356495625,4.94254357180895,4.840080365788782,69788.40643913847,7.215676703142467,6.740464325779863,4.782169662332901,42057.31406390002
63.0,69385.10440471784,6.57763395304214,4.835602500740943,4.565454289161229,70242.96663645482,7.025718968665127,6.273533333641558,4.632567948899334,39765.74597251181
62.0,69000.27222659848,6.4413733097890855,4.929948495504401,4.446029648748385,70653.27870450776,6.768140705083768,6.107116791861459,4.443337875342695,39381.45833587351
61.0,71692.05996923744,5.7411059584416595,4.5180846106228625,4.116907016979577,70657.3722841107,6.066858299415992,5.824089637200118,4.072879990825314,41634.769496927554
60.0,71630.68211172766,5.538661922449814,4.448572939094569,3.9682401118263995,71967.79179691561,5.530827221295312,5.279003458729055,3.7967613999942684,40591.839221056565
59.0,71464.42651771076,5.415647935577242,4.357794622484213,3.871105029867743,71879.10954293376,5.391102221638696,5.2553116689655175,3.693294810609296,40363.77366897943
58.0,68554.9097695337,5.285882681874806,4.252486687652196,3.6243070523172944,71116.09646956912,5.175610478936271,5.199368496065037,3.5511351161984974,40687.79488727568
57.0,72689.6528124548,5.4970280293858185,4.364613502834246,3.996777483041197,71821.69829542503,5.196167925697355,5.23941691586489,3.5618100651944538,40368.9789181784
56.0,72326.85350038389,5.516426287895352,4.300844206308406,3.990842822954782,70682.51286763708,5.155409932533892,5.138649962378199,3.546521971373944,40824.11080928918
55.0,69755.53481166316,6.460029722267249,4.643666505435033,4.50682399451038,73495.4287995987,5.687539996524889,5.4515605188184555,4.024417712815853,36664.18174857477
54.0,68494.48964230514,6.47102293758061,4.779293921326206,4.432744500522845,73136.91196605712,5.614018139692981,5.752608963125048,3.9633762887076864,36692.560358936906
53.0,67858.85346437564,6.400875674140542,4.6251439658715965,4.344067775346631,72944.2548533534,5.5312232576126865,5.462084348448197,3.904354696749655,37054.70943130852
52.0,66927.80301470227,6.290874269439845,4.615471434953208,4.210904356060077,72583.31704513033,5.4554684946231475,5.066098872155996,3.8378714277510064,37931.429506041626
51.0,62885.07435574061,6.337690506249303,4.457510331264788,3.9858691793194305,67207.75760505431,5.500508398948696,4.865330168555838,3.5805257631736835,35792.39118145115
50.0,65629.60154665475,6.0662769200871685,4.377198374036312,3.9817256150544287,71820.91287296396,5.681539526918584,5.075080343434576,3.8719281111885495,36087.31437038868
49.0,66278.38144082182,5.989494331678173,4.009948067975593,3.970017111060763,70857.55159329405,5.505794494409178,4.514270278577509,3.7470669862760833,35184.64926934104
48.0,66106.0252308576,5.990231451138905,4.086080130475867,3.960110411479105,70844.6801468655,5.522110905911706,4.504006518968112,3.781842247023198,36527.480117943305
47.0,62922.67465590219,6.131190421599848,5.208565177411335,3.8587371116329803,65580.01345071549,4.9800190648669185,3.898609165167331,3.2400832440167626,45784.44029786508
46.0,62539.90102631537,6.109214791015938,5.293930284632917,3.821557987018876,66330.46924365177,4.979725289292686,4.030309627703707,3.276031133389306,45706.308241258994
45.0,62613.34394573297,6.337926085079998,6.023855489031784,3.96925544479206,62802.313738770004,5.09595223188974,4.286286915967832,3.202428471789386,46150.22725909707
44.0,63079.34663918866,5.956998915904444,5.557861973898865,3.758417649752698,62199.93137257973,4.989711355413002,4.739483808012223,3.0707981528399313,44943.852564327324
43.0,64921.43792472936,5.7942719314976365,4.897937486000622,3.762123449235641,62574.9774799339,5.52049109306724,4.729845385780301,3.413791103253727,37993.52717890848
42.0,65163.583432154235,5.817051015461932,4.8974013719839835,3.7910033495335904,61223.543600253695,5.774547200570307,4.796389427946615,3.5358575696369927,38083.308495317884
41.0,65276.88566983619,5.760191895420279,4.901560508346001,3.7604659862397827,62068.125848071446,5.729583254769356,4.806289232677248,3.517662278095487,38139.76844332056
40.0,63606.748827991825,5.100026729140854,4.430048510732391,3.2443751305778012,65064.90662128375,5.487378805040823,4.857683985852044,3.3951262817033516,37714.20548387977
39.0,68275.66804988576,5.110704154491529,4.358071727937596,3.490054175281361,62874.906404466536,5.705758643095835,4.872910178656156,3.496262115296899,34329.27720627366
38.0,67652.65299440845,5.172824194388514,4.375504915089472,3.500347262095616,63315.40132204208,5.734720860369884,4.813411400108213,3.593009096653482,35539.95356487544
37.0,67470.57609353842,5.116867099519307,4.315393818157009,3.453133332838831,63598.128484447756,5.898304689986617,4.833949972472861,3.712172991817832,34141.93587512764
36.0,68518.15550086186,5.2199848738598025,4.388596880910448,3.5774626336590654,65146.89184263563,5.962012775556139,4.856665126963788,3.844606620710735,34579.02531834673
35.0,69431.87880675551,5.722218992803972,4.768608500423377,3.9740296933098525,64282.632002885344,5.910532538784567,4.878442091960733,3.9705600113116803,35828.57123573261
34.0,64785.18492300891,5.259948910148599,4.455522986199161,3.408230984166609,63531.1548167346,5.361716117368892,4.4075649381405695,3.5627198884099505,33941.57023791583
33.0,65663.47655312497,5.133168536453714,4.312358819412165,3.370991936308205,63712.68802393319,5.048354364921718,4.585748136433796,3.3084373593525744,34107.227235185834
32.0,61486.04574953463,5.592040661585121,4.368212096258917,3.438659094869223,65483.994751547485,5.248549374701545,4.480213702326881,3.5254378583112445,31096.738168709086
31.0,60736.652911821264,5.6441684945905495,4.367155671452975,3.4283742127589063,66249.48492565576,5.223273632698008,4.4857991865977,3.5219756308290675,31039.35104999056
30.0,65189.954362534016,5.519872972939331,4.442221414171553,3.599041638878671,65661.61667211427,5.356260538482175,4.503013331764626,3.551108666934324,30818.853918607336
29.0,65325.4450118263,5.606379912113171,4.4152943992241935,3.6630728544152458,63556.027879242734,5.666689181317275,4.9844262043578045,3.7080063789787054,30244.332092464527
28.0,65414.98006185558,5.762635735374707,4.618214271367621,3.7703993150698922,62795.78544487083,6.181049095119364,5.351066597651831,4.010854893841817,30015.43879872697
27.0,64485.767350563314,5.579587002121061,4.175202455566991,3.598633709317251,63091.748265462644,5.539899120397627,4.841435285625636,3.482726225541131,30195.077560264206
26.0,65627.0914505299,5.83352595643425,4.259125123271634,3.8290867532604493,61381.24869620624,5.876872852619209,4.8412229018255895,3.6729595163013453,29122.405552200897
25.0,57874.23888835467,5.777187513971256,4.358446471229545,3.343811782542024,64378.24753377002,5.742691427506382,5.18918178254715,3.882880562673947,30586.322768402428
24.0,57383.25351307245,5.747475479763567,4.296702420161332,3.2982674100729903,64155.71095163644,4.914476197580016,3.851654661930477,3.3069723275541563,30547.45437171583
23.0,57005.012770832385,5.91974514782584,4.405549698462683,3.374631963653036,66716.2810976854,5.079057393561143,3.889885476585396,3.543294912540394,30196.428480446993
22.0,59993.812387406455,6.080264536319791,4.529404186917324,3.6482662090667146,67945.47269327723,5.192932846929322,4.130861459279521,3.664390506041159,30568.51037101878
21.0,60695.78517989758,5.974657457301487,4.471872761303171,3.6269379798517893,68223.980111442,5.034331626356492,4.062132460840086,3.56557961399286,30035.621874153818
20.0,60871.72900296064,5.71261650467721,4.200814015218586,3.4779966524802646,71783.00165590551,4.671353525976069,3.992921072693904,3.3219403282735103,29726.880584731236
19.0,60051.60712363957,5.633281320384289,4.582171967398865,3.3834303224651534,69905.90067356327,4.5532213665354995,4.1134273956708,3.2399066493505133,30636.334358632164
18.0,59373.55299297993,5.582359153582163,4.5943209111059815,3.314950442449512,70138.00477956087,4.543815988654215,4.037523959396234,3.249779265858855,31475.081403610006
17.0,56640.88776982875,5.681273550740748,4.733787539510804,3.218283616328887,70197.88723054726,4.3926312119182125,3.9031676330490366,3.092703706242989,33835.463379493594
16.0,55210.02646066882,5.67373860016631,4.964363306012676,3.1327418840895733,68510.67498652103,4.796632325458744,4.389727231907755,3.3912526687498232,35072.19919239534
15.0,56445.485332780925,5.248576762344187,4.719837186029599,2.9629577075157676,69309.16935301067,4.662166049199461,4.394078423421889,3.2803681727798653,34567.97210373449
14.0,56367.83806637177,5.538509148386869,4.763654634964993,3.122403553804782,66582.4319023742,4.571669184748704,4.125317356729018,3.1510810339342967,32398.717385392978
13.0,55217.34195984052,5.58554218434975,4.7801012802506095,3.0845584346570663,67634.91102045629,4.4647305586103,4.058814238441353,3.094587842164637,33468.69616649265
12.0,54785.41124882681,5.499764447635938,4.539736685261537,3.0135606233973933,67418.34520945449,4.3327234784724045,3.802066809587461,2.9962552188556213,32921.68982120581
11.0,55098.84547748448,5.396384687598998,4.540644910726133,2.973900387944083,67792.8821239333,4.496762503371695,3.889688865310308,3.119429370557556,34130.587354355455
10.0,56972.80896500999,5.395450574087311,4.472163577722641,3.074581606845362,68307.41813778285,4.516089906848738,3.772425673495317,3.097754870657035,37243.18837422017
9.0,56788.533487206834,4.999014000386466,4.11838155575253,2.839449377708984,70627.77463304701,4.349031315492243,3.4154952048160294,3.0182106944280713,35725.72581687283
8.0,55701.157403216224,5.031852070353465,4.123780541922884,2.8033305077019803,69165.43086087037,4.326715023110354,3.422289516392034,3.0037723401177034,36859.90244541838
7.0,56788.10124138812,4.969041616115644,4.0261080967912655,2.8225012363525948,69074.39146969824,4.311528129561969,3.5918572467766943,2.9827900097965725,35706.301206837685
6.0,57529.943583854074,5.000041203211245,3.934077596218643,2.877333146834682,70377.83261800405,4.47192270124822,3.8804998182431505,3.0955837558779415,36368.82631502597
5.0,56223.66716870708,5.226012134187215,4.360548407720322,2.9392078476015113,69912.54929297917,4.618202080317989,3.8499313663811363,3.170305080077896,35472.312525852925
4.0,57937.82166913564,5.169926311217835,4.112739165688146,2.9964641984144103,71370.84192896796,4.087251583932943,3.314973560111364,2.8365048752731563,36232.499475187695
3.0,58322.732279641255,5.0243899185123455,3.9466379465290005,2.9315300967930864,69048.56943361973,3.9877832408818987,3.295124545493985,2.6651050779932146,35689.098543882945
2.0,56807.29440447855,4.955698784938927,3.927456426513268,2.816173011204175,66984.05438061031,3.8681890888843293,3.2827542317278358,2.5489966090933067,34621.139697056824
1.0,55628.918051723056,4.908821965157003,3.924264754422204,2.731611416453889,67180.39710991914,4.082949940893781,3.660617441088584,2.7114125595692036,34264.40424289058
0.0,58940.379749474334,5.006857735836633,3.864321950212234,2.9522897392176195,66400.8067084799,3.926302785228824,3.2517750805386516,2.5413634552614126,36957.026728911515
