Time (Ma),Total ridge length (km),Mean ridge spreading rate (cm/yr),Mean ridge spreading rate SD (cm/yr),Crustal formation rate (km^2/yr),Total subduction zone length (km),Mean trench convergence rate (cm/yr),Mean trench convergence rate SD (cm/year),Crustal subduction rate (km^2/yr),Total transform length (km)
0.0,57.40211650086083,5.061826205324276,3.8386835433020017,2.898226001316967,62.463609947430534,4.423566987452113,3.150074676259641,2.7617673832195417,33.999678558941554
1.0,56.521291561289246,5.161512842984761,4.12309146134141,2.9198565121600546,62.10974796809993,4.593138450287382,3.623602627132655,2.849402607046898,31.779614472202198
2.0,57.61650674816506,5.017941772430314,3.9307431904089127,2.8933739362215576,62.36944369782109,4.4680056635364105,3.4747272322049905,2.7790880198378263,31.840963338017264
3.0,57.00705097927083,5.117868401450224,4.007741497962427,2.919854874395349,64.2362270317831,4.403297604955088,3.613334664709137,2.7589283790026857,32.1603559002081
4.0,57.07374343313121,5.264257616155959,4.0898994110713565,3.007117714116827,66.55978512678843,4.278004937019463,3.4274433870826475,2.8287634330098688,32.81365689471618
5.0,56.10050579075213,5.298817334129325,4.3493727980782975,2.9753709487513835,66.18740134385558,4.860847773670005,3.743751137703477,3.194066941532089,32.54667397306416
6.0,57.434265919100845,5.100276829197534,3.9443620016082876,2.9315850930726723,66.09820307790619,4.763679970905862,3.7923535421885854,3.1254208498384655,36.389463841151205
7.0,56.69510115515555,5.064757920354079,4.013295994522054,2.8737375955543274,66.74159493838506,4.5386986977687656,3.512400363378669,3.0075225459225927,35.37839049204845
8.0,55.48102955394058,5.122113246480586,4.121287265932574,2.844245809089404,66.78333383982432,4.479472373523168,3.4391588079754003,2.970694135878865,36.53419641962425
9.0,56.44810261674248,5.108333073680911,4.103678836235516,2.8861489931856767,65.54527424582751,4.525166009751941,3.3999461322945326,2.945146127745165,35.54237765527726
10.0,56.51688716214704,5.463801850431907,4.4765688035261135,3.090948406564078,64.1968832722482,4.614645408685594,3.8534632442334056,2.9408073144625853,35.87544620085198
11.0,57.990680986850954,5.319492061566509,4.442090752118875,3.087572128242952,62.79793140753759,4.366688130936008,3.6396217585914417,2.7227565241988847,34.27866666265481
12.0,55.2271445502058,5.417835021840007,4.482267491678266,2.9951061358639803,62.6729039077171,4.178428929235406,3.5450204226534088,2.6008423626101447,32.97274136835434
13.0,55.44380949390177,5.5127039253184265,4.746019284087207,3.059643953499819,66.3153923245589,4.053377435440022,3.524291972532238,2.6508490940984633,34.00705641467688
14.0,56.51826002455347,5.438920828029368,4.720196491123103,3.076822738901,66.19642539496385,3.8669868543624837,3.44032885428241,2.522546217821711,33.00561491092608
15.0,61.371277831115265,5.504056548156456,4.832877868034142,3.3811041034203653,71.38945552928894,4.344714516837801,3.535950947384349,2.997446146914591,35.99530666309285
16.0,62.334071121876846,5.335121419425691,4.82061783324777,3.3285391721546165,71.19314174886645,4.419665146190212,3.5920353872591826,3.1139627929883624,32.58794694409712
17.0,62.49696586362116,5.353692039078022,4.6205612010403305,3.3483389633135663,71.5245811287037,4.38784749407932,3.6916907131214707,2.969564681562807,30.69335227987112
18.0,64.58060065871004,5.263871668687002,4.497803224418877,3.4018597066166887,71.73664349129868,4.56044131908426,3.768971298556578,3.0995726001940636,29.046694177802813
19.0,65.72601692923553,5.278553569134159,4.48754783230725,3.471889760447406,71.06511544440637,4.6212304862889475,3.728297540443637,3.1148386487737976,29.02583826585122
20.0,61.46099960832232,5.591401545230894,4.286825902709765,3.439650782877434,71.0373270109316,5.089374353023866,3.7490206330334015,3.4861462092396245,33.52947975412378
21.0,64.05647996982685,5.824112156719491,4.5493218006140275,3.7342178070435854,69.89822993349047,5.02265227632117,3.7383731124449047,3.460678128938291,34.82236631983156
22.0,63.68783355837995,5.93035843494082,4.613048713110208,3.780478733838171,69.90337854033955,5.183219509410394,3.745861968431572,3.5712333714646984,35.264775587757285
23.0,60.31450516849657,5.7690877928773165,4.452497820759037,3.482859378524443,69.85449101615056,5.147748363189915,3.587210636965918,3.547643173222715,37.55337933817919
24.0,62.43010280242255,5.814877685619116,4.429435970411645,3.6335446420814668,69.70299556909984,5.019830580967373,3.523838445366506,3.4541205917721465,35.92170813330591
25.0,62.10601483319457,5.65666319332541,4.380585360578809,3.515792937529519,71.92380630771378,5.845197715553838,5.0427637621717745,4.041064649024396,34.551871831123485
26.0,70.87936047865767,5.968600095643508,4.334266832002638,4.234447580362888,67.49775670363401,5.923986732192629,4.444836308376221,3.81644040625917,34.05741368479088
27.0,69.69522853943407,5.751413457390768,4.23193950459615,4.012636110614622,67.8753824903041,5.432161169309393,4.174928638486215,3.5687031520487706,35.024621365539026
28.0,67.51374952025083,5.78294296166592,4.49398056117498,3.907798922785592,69.32601382676548,5.975713937839318,4.868752199385061,3.9912445663492147,34.71983381045107
29.0,69.74731038731896,5.885548378154134,4.403971938026368,4.108944716579196,70.13598085293965,5.610301713613223,4.2688760117417335,3.7904237227569033,35.33416456501436
30.0,70.22090153250699,5.734687632125833,4.483833917446063,4.03117543932997,68.63694112159968,5.306255565658885,4.051213544296775,3.6029053594257467,35.20334910765636
31.0,64.67697310191565,5.5509902468919226,4.29717831638994,3.594080252925641,69.64698352582023,5.149730245140464,4.058430919447717,3.5489917571879697,34.976696955165615
32.0,65.68689980126811,5.470686615463129,4.309393111707357,3.597307774820609,69.90540895841443,5.196426307488548,4.067328465754185,3.5927234961893153,34.52197253579434
33.0,68.85055440242147,5.03642461402243,4.300209553571445,3.470815741828435,70.06679667802985,4.866521244428725,4.20462677906031,3.3714324332679686,34.133054909991515
34.0,66.36557819274593,5.206282520196563,4.412150542712143,3.4562931446938947,74.66362710679488,4.907184103616902,4.419715481376188,3.574961507520208,38.27341728133462
35.0,71.08276166728254,5.738808318872838,4.7124229815165775,4.080494930350494,76.24325310361617,5.476810391895709,4.696719107491705,4.112347508261728,39.34263672412606
36.0,67.7384922666318,5.289408868215107,4.381457472439312,3.583293778947022,75.78014310423143,5.33140374074415,4.645999112081755,4.0198716907562515,39.42637052126651
37.0,67.09845135460293,5.181182216932674,4.299680715552556,3.4769865441699883,74.17876643630207,5.290747347585242,4.606828743344591,3.904091108711286,38.92866877204741
38.0,68.15996902422341,5.25357474915883,4.37059352576432,3.5815248109018336,73.99139695635627,5.193071462285902,4.601679478902457,3.8216673438714897,38.324555098227364
39.0,68.07188668834029,5.154588046708903,4.369025520757611,3.5094377607440745,73.8230971675624,5.138280047179315,4.630056584229263,3.772657689979881,38.02372779003615
40.0,66.40197896764273,4.912853114819838,4.475731062588474,3.2631359634502046,70.83378199796195,5.096728903893168,4.793922296758476,3.589107178164363,38.86350317826882
41.0,61.748265629191245,5.235655533518595,4.52928296739547,3.2372467068742763,66.36698915994735,5.482704354548005,4.843562340469607,3.640886076857162,37.36679014878635
42.0,61.45934169137192,5.3121596936349,4.548135119852752,3.2690313546406498,66.18871539017022,5.525781986827547,4.871653116118336,3.659992136593607,37.674494797838136
43.0,61.139661560654815,5.252524477563479,4.352841203076692,3.2153586646396524,68.62115306123087,5.119835344308013,4.762436614818326,3.515237839317636,37.72499842811553
44.0,60.83820368971384,5.127313796947892,4.002835827310305,3.123820415169349,68.38358592199496,4.8694231670958175,4.566999280260735,3.331596231232757,44.07576656971525
45.0,60.809663171098656,5.297291441668239,4.000670366812017,3.225821114684823,71.02801409389106,4.602360851695337,3.7669887845243464,3.2705938082178077,45.38752064700861
46.0,62.19397651138962,5.181335455575653,3.6300235835302788,3.2267702494654382,71.07693408265175,4.631751672873374,3.5948551110895557,3.2940775566540577,44.92213554514456
47.0,62.17521312455406,5.201382111080263,3.531080084401059,3.237888721384151,70.93608428577413,4.555804637894024,3.638019380957365,3.2338603740477203,44.47221544198789
48.0,63.40708938298328,6.123612075472026,3.8846360657763923,3.886460231954939,72.82141300627579,5.09758115138599,4.530433234963171,3.7144795060115157,39.27365536320075
49.0,63.44948087729025,6.099746105681692,3.8499036298961316,3.8737803557470722,71.98490599619059,5.150428177949197,4.559068738136607,3.6773613894970145,38.104659541532946
50.0,62.91247011469129,6.133600448489989,4.231401925414233,3.8609553459338035,72.07383330693878,5.201834691093034,4.801042823559598,3.7191057989275644,38.62230497203503
51.0,64.21937617533126,6.146159012320099,4.295505480489328,3.9491580422605566,69.90847249512157,5.297108850009995,4.8478405538905776,3.7027983001051687,36.927829014847205
52.0,70.83903649088768,5.960962517780392,4.4292394166542755,4.224939339680445,76.4707008752301,5.195725843388487,4.962554699598151,3.963528926150807,42.81824968581925
53.0,70.37811672259977,6.338312399989954,4.546768042402558,4.463731505579852,76.08795895363757,5.320512019786775,5.087882240836316,4.047500618400967,43.19277907305311
54.0,70.21246967738675,6.527618563511292,4.79989365869077,4.586363849397038,76.2158617452508,5.441160037507496,5.258909522344804,4.143534981751571,43.43551004418479
55.0,70.48254053934835,6.446513012713327,4.714286298502022,4.546937614115278,76.50584334465697,5.583126523093257,5.511283415810038,4.261977580249549,43.25994302529
56.0,71.09290377876853,5.616673878983416,4.087749816771249,3.995728495428097,71.10073090753816,5.6427314487337465,4.79630564798696,3.9468308797061935,46.42409195941645
57.0,71.62581459201546,5.593474628054444,4.063959398291444,4.00871761131605,70.85463266946701,5.697876036379266,4.955097006095987,3.9992736025094024,46.31006512450888
58.0,67.72755781145202,5.351901027757021,4.027983797613584,3.627605073820615,72.60297835574738,5.368481858904986,5.121159666725754,3.897793745683999,45.70896991138909
59.0,68.97846157843826,5.440868365148154,4.116675596015648,3.75604143879383,72.46274354445559,5.39921570152824,5.30213907375863,3.9101858034464163,45.66899257414656
60.0,69.22391050778059,5.5170509324292745,4.198116555120427,3.822406547617983,72.43098468738906,5.510798799540911,5.44851761957437,3.9881939899646826,45.88729410203089
61.0,65.50140901764507,5.501237944583492,4.3112252354784895,3.6072068111963738,72.28775498509867,5.6659156124060175,5.655394608890614,4.096634011876311,45.28700610738285
62.0,64.23797365341134,6.079490283296886,4.909900819066781,3.9094957314827057,72.41446203035665,6.07604108929209,6.0423628592255705,4.401569906849291,42.988886605552175
63.0,64.14718452280526,6.249514904743771,4.849288853449491,4.012995253765827,71.39145052084537,6.340198591679544,6.203585796114279,4.528756717808237,42.82169008067268
64.0,65.36122678449716,6.606336542997466,4.953007584481802,4.322660483311882,71.49269365658647,6.820697007055171,6.769429838728899,4.879650730432236,44.386918613189984
65.0,66.68822451082653,6.742827092953073,4.947227330735456,4.5014935209249645,71.32427858772405,6.574396330294436,6.029211220231226,4.692025297720032,43.6059854659831
66.0,68.6767639719291,6.692981808614447,4.91292888690955,4.600961239959292,63.290412283740835,6.7350348475867,5.952965697001705,4.2650685110298445,43.772124099365385
67.0,69.2586176628419,6.653693281325053,4.486367095904356,4.6129268929753255,63.07894729198005,6.875071549813476,5.911565237613895,4.333242900638351,43.64295557464336
68.0,74.34547914830075,6.568790838584047,4.070232193297565,4.888307573960165,64.7119018708777,6.717668526751935,6.006352858950145,4.314954832617897,42.93396475948595
69.0,75.09319165582586,6.557832506567372,4.101451771549092,4.929273963268337,64.70032307774366,6.692726687783507,6.007991897192473,4.32929440059023,42.57067279219879
70.0,74.76579676474338,6.591256628169329,4.104177130815724,4.932725974629842,64.77833543972203,6.696433784454365,6.032690836791108,4.340680509561277,42.36278688112395
71.0,74.94363661122001,6.63028936139303,4.112228595421713,4.973900648059019,65.08673833470137,6.667486977058901,6.174640766266533,4.342640599709302,42.10495188472821
72.0,74.85843682644878,6.676821151589096,4.126654531453491,5.003299506715237,64.45741456363054,6.711785856877303,6.2541979310519125,4.3292775799748355,42.344507460407144
73.0,73.07028757217763,6.34922687731006,3.926944365950898,4.644182813278698,64.49325125456296,6.560374343346492,6.174329597524788,4.234182081752236,43.57422301369978
74.0,68.76171032207971,6.226631440347781,3.9072609445840003,4.284804633804923,64.50470797843144,6.3722108956041925,6.160830755758221,4.113177632636109,47.12816322618275
75.0,65.93035291904667,6.386702051182756,3.9113487890801464,4.214378350718304,64.51357490255926,6.4377616026547235,6.167134602970178,4.156136624361151,45.83988356163009
76.0,68.91630304367635,6.210623526056878,3.9710334806781975,4.284223774847001,70.83423299733661,6.338741106013349,6.534776653645068,4.4935271192032,43.20632487107331
77.0,69.50316632536521,6.215015147509958,3.9604701606487054,4.323441182288917,70.78707743852506,6.356809381124412,6.845839742607103,4.503318319482094,48.44872895543371
78.0,69.48176283324247,6.224736221202688,3.9673962641410028,4.328658029206613,70.75559403335488,6.365359950202744,6.8701566553781,4.507192172712809,48.34487997688634
79.0,71.78355488347505,6.491937082212035,4.010711989073608,4.66397391122219,70.56182392055236,6.629356721389996,7.692894185275192,4.681757862949295,46.95238507171471
80.0,68.95272541992803,7.042950738380614,4.236091350166618,4.860449213461286,70.62343684470464,6.863606526538811,7.743024150198065,4.852026686304592,39.946604333719456
81.0,69.0062764717667,7.0359435097536105,4.247685098001015,4.858795752730297,65.41962022639584,7.146753549940144,7.853152047239148,4.680044767438474,39.674499562645806
82.0,68.78386980269704,7.066250054142433,4.249039089960995,4.864066454641006,65.4553894981444,7.1787800940102775,7.859349438444576,4.703363880776057,39.93414300055585
83.0,60.99518394041051,5.753907571998862,4.116698569567554,3.512528124623704,65.50208026394598,6.000078562496794,5.5674128932601255,3.934083243059991,39.002467599691684
84.0,60.098033418323425,6.363135793869581,3.961423624377794,3.8286172100856106,66.90869799528055,6.065649599150347,5.567395741327805,4.061732417893263,32.217948235226686
85.0,65.43496510124544,6.067523196739908,4.333950418392967,3.974386634356418,66.98502256847999,6.191901725713895,5.561659564934083,4.151214505274741,33.03073759932837
86.0,66.14960871781264,6.2507544707516365,3.731498646227654,4.138935984984498,67.60438058195368,5.982719121267972,5.450849973243303,4.1708016514272375,44.40043160128348
87.0,62.09412486525707,6.225947757692992,3.8609807864643733,3.869971848539725,67.6331437791582,5.980186433669689,5.442056592936574,4.16961584671245,47.49448472201605
88.0,62.76470273878454,6.236957716922941,3.8735270730660005,3.91871949297877,67.64373489970171,5.979613677795278,5.433127189881674,4.168579222803125,44.20231293403814
89.0,61.994119521755614,6.194758909708278,3.8725946391526525,3.844403402131294,67.71897677197865,5.976014435312341,5.4234641125896355,4.168726779359113,44.24148928689924
90.0,61.810387643701134,6.179448283140041,3.869085967670914,3.8236248783736615,68.95108873365463,5.7778573536941416,4.896740741802586,4.093347360711987,45.110259758911624
91.0,61.30470057284951,6.367493302662436,3.72380998254482,3.906883110646378,66.86620411444427,5.972979045928164,4.839440919061086,4.107091268409221,42.90856029996666
92.0,61.09714197607378,6.371508331236887,3.728329860222029,3.8962165602124035,66.84380547803687,5.979380607863071,4.832739073089467,4.110909549372172,42.981673947731444
93.0,60.688275352844386,6.3824791203624,3.739636795865316,3.8766606137600945,66.83054004810391,5.986162078426135,4.826311562528273,4.114770865543442,43.098832150326515
94.0,59.32496454820256,6.367106186227993,3.724269986413641,3.780690563160717,66.81674941551972,5.993030317532146,4.820138622878156,4.1186217533257805,44.386312557740126
95.0,58.67529793345761,6.428324891744018,3.735149301681104,3.775112015640753,66.82289299672425,6.0964563095466415,3.948897335895263,4.188196186985205,44.91242393068633
96.0,58.157128154670005,6.441080252225421,3.743390862101198,3.7494238343134407,66.8444095868329,6.116224568451323,3.9507293017321614,4.201610072556633,45.334640751672076
97.0,58.037572794954144,6.4619077410824675,3.7440918955232516,3.753647085011402,66.8772064795863,6.1289012697110925,3.9494109830614756,4.210679507707564,45.44812827922757
98.0,58.32405380783416,6.511063202854409,3.7889227754885955,3.8009563749368223,66.91259649591476,6.141092999830232,3.948136438278543,4.21967623859711,45.067541844917855
99.0,58.41978771647595,6.533659151543077,3.7876726645530754,3.820284234487686,68.29752966277793,6.1447381372278915,3.9471249703925104,4.223600316611001,45.03433122480891
100.0,66.37014243745587,7.322458672781343,3.769867201572125,4.864152322215397,68.84560802833045,6.973242753253768,5.759521400331864,4.457922434816461,35.09647000736688
101.0,71.63437332848768,7.406485145158184,4.006541525443512,5.309264967776815,65.20903948394172,7.372439560454169,5.810231391491239,4.805608703895953,34.28422699990737
102.0,72.49813171968161,7.362381849062148,4.0237531646201266,5.341182010562061,65.165929159851,7.421812514232706,5.8767224730674466,4.834598909675365,33.624894996537925
103.0,72.63067181640271,7.408282924371504,3.9748426175497515,5.384338655880352,65.12407103288902,7.545587642289295,5.902363131180155,4.912516855914059,33.7618748052194
104.0,73.51902747833253,7.469556439889032,3.9462490775617387,5.495420903950278,62.22448791047633,7.938389376070486,5.896496503981589,4.938118672141888,33.78722705308139
105.0,74.16157270468639,7.480479324329874,3.936669707185293,5.5514090775756655,62.18866173102285,7.962273003763844,5.979918563062698,4.950047576363148,33.61789143120763
106.0,75.33970170841543,7.261080502241689,3.9755704060268826,5.474318236365696,62.153969130496435,7.9241770488457135,6.0245972497598785,4.923340508991407,33.717555091922236
107.0,75.3955675404013,7.241024452017486,3.965685478686169,5.46349440347678,62.12051377070278,7.986429624248001,6.103222534193462,4.9594721323655815,33.9845071836642
108.0,74.70684393052329,7.3277362561945365,3.953338545156939,5.4780242293737365,62.2980360513535,8.104110637878637,6.234054740967146,5.0465921616575695,32.675382294104914
109.0,75.038845042987,7.316465448945501,3.972217974398076,5.494112197741981,62.36540116567591,8.081625356489624,6.244849056258926,5.03818267264958,33.66879255245116
110.0,71.97542147898665,6.68757517060979,3.2902971649466006,4.816837953727269,62.2560662514299,7.543716458107491,4.614107917964489,4.6952238182345205,36.33414445386161
111.0,74.42026476349054,6.672468370085613,3.2600970310591704,4.96814397769112,64.5154962154179,7.449054395605101,4.506192653790294,4.630019173549324,35.081574685827924
112.0,74.24728506722978,6.674465649923947,3.264845998230833,4.95811241988833,64.54080186440245,7.464595108430698,4.513659879289472,4.6414265725509996,35.39101013441176
113.0,74.60244750415258,6.683727633081041,3.257372169512509,4.9886982433740314,64.26147747196833,7.523379418899608,4.505848909490721,4.6569663076042564,36.31572576300444
114.0,74.64131997300419,6.672950576312039,3.265772229994156,4.983091469293628,64.26750503659726,7.541589797556438,4.509325449218986,4.668237419362252,36.131899181009985
115.0,73.90816508504084,6.703609165991393,3.2839075951740035,4.95691412878452,64.2849301170788,7.5310099629093425,4.555579776871336,4.66266274989164,36.58955931047801
116.0,75.16846097678811,6.770778374778641,3.275396962947926,5.091879566032162,63.8176279850545,7.974420475307411,4.43218235685259,4.997917826254846,38.45535402981157
117.0,75.25545621080578,6.777964188839271,3.2773873084195335,5.103090648974525,63.62158136970695,8.024115538594648,4.461257690822131,5.021777091599615,38.838128954690205
118.0,75.5520666776366,6.757158197923029,3.283076450288605,5.107311426268513,63.05977015359678,8.068750287768715,4.463014716474139,5.086662460836766,38.145813934098584
119.0,75.121867577513,6.783930365442736,3.2859398906623865,5.098530619558229,62.928551391684515,8.107254632092092,4.493599051054419,5.100563802686986,39.10761591405404
120.0,67.63412250217449,7.839123710168276,3.9051946633987837,5.304601818876718,63.109340803369456,8.949925576449182,5.0650212324961625,5.588608012330825,33.1035019143569
121.0,82.44894573947808,8.532078934162483,5.68901970260102,7.037090777043363,63.806496219981945,10.15772292739827,6.337198076952523,6.26022954612123,38.23276753449125
122.0,82.05092375672129,8.544474040548366,5.70929842446801,7.0131436378945615,64.19450095584614,10.202541606454817,6.3173382234301645,6.332163779717546,37.68183425036551
123.0,79.77290194029233,8.686821144686196,5.735370250863722,6.9322956591643665,62.27164931868609,10.349619652414493,6.335621000558259,6.444038943609256,37.638280104569326
124.0,79.90537002451674,8.934440187683942,5.695479940702642,7.141576595513787,62.49578706892583,10.83834847867811,6.391419030030984,6.7678774507356465,37.679918418265146
125.0,76.99918729903536,8.790416054189611,6.110213916830501,6.770554450619345,64.89209539712971,10.26654303274473,6.649020646775444,6.501664528686942,37.21071345629542
126.0,79.96096148668259,8.50829932558302,6.58168995635606,6.8053017307935715,60.30257056763823,10.604237342392139,7.09064319012548,6.395662683008283,38.04955286079404
127.0,78.68085622137686,8.588503140752895,6.616503686605912,6.759486512610651,60.76423137176046,10.803878670203781,7.131148061684603,6.566102580451453,39.28292664929912
128.0,76.69870194969576,8.777728882695175,6.613714736254302,6.733977563299647,60.82764857628228,11.088367910318802,7.066257557154963,6.746133776626276,41.349232418241584
129.0,77.46976181190938,8.660642436479721,6.6889012171471505,6.711088539666645,60.33722457399226,10.895588554621964,7.136686458152079,6.57545415619708,41.091990607893074
130.0,74.51637348999576,8.428921365561857,6.266098828559075,6.282697602641261,63.348990398111646,9.873249590088328,6.386376721420025,5.934236450347483,46.926543516682685
131.0,73.46752143352514,8.181417586973277,6.110415575257959,6.012660845670871,62.20410055084413,9.241641296001996,6.096336266109442,5.747654212319782,46.69125914201056
132.0,70.98656309381596,8.267517113277172,6.170665784336031,5.870675713568865,65.2997890773242,8.963127757393188,5.696457580389507,5.619620376502445,44.66785219726943
133.0,71.82452390110852,8.02865167168549,6.3202358346243965,5.768588375211409,65.41029487832908,8.89799356389892,5.349762424898246,5.58889804794988,39.70021358384612
134.0,71.04650712510903,8.086431798414155,6.361221716786347,5.7472786567591525,62.69001537320076,9.027392815977517,5.4387676844127615,5.66064150807149,40.511574317308764
135.0,71.01263829856362,8.110756041406725,6.418719094010957,5.761894479575354,65.29736436653506,9.251985046173433,6.476623345264566,5.7998674523218146,43.422872387317014
136.0,70.82072460687716,8.178300107083768,6.4741726536814825,5.79438272592162,62.463795026669274,9.558790949336142,6.463765695114841,5.9687244852703145,42.05029074934692
137.0,72.83725936112948,7.981881125320217,6.071451311704075,5.815642626129151,62.43490264798384,9.494858982183377,6.3392728487670125,5.926350874067812,41.82145634539745
138.0,79.0418690647799,6.436851234646178,4.206646604280562,5.088721530063979,63.72970662539751,7.856037122817767,4.499699977708193,4.93325413638197,35.41235743698054
139.0,77.7360884840013,6.548063032440683,4.21358833628381,5.091556541284713,63.733882688864625,7.74094467145655,4.45367499704192,4.86583846193707,33.12243364631131
140.0,76.28047195673541,6.835102751622876,4.190046505983524,5.215347789855418,62.815456804658986,7.696989821270095,5.194047701221746,4.7606869246630295,33.83765422979141
141.0,74.35506614237387,6.934600755990422,4.137413694563931,5.156934958736807,67.35657278690906,7.880928122000171,5.756169855830142,5.26944667126771,31.27835609931708
142.0,74.536921001962,6.911348133643807,4.133004074971593,5.1522525370450305,66.58015340375138,7.849577769766208,5.691435878867826,5.204168441469411,30.90834036367885
143.0,73.96244774211354,6.818335366344143,4.263460892235563,5.043855620112998,67.07958009322861,7.586102360224222,5.774292551053666,5.0921514302316915,28.88474011562878
144.0,73.28162023908963,6.873367411967697,4.272219677310017,5.038104159183472,66.840858097814,7.638792527769731,5.8098691127007465,5.109169215933665,29.47098357104764
145.0,66.84363092547433,7.328432670489383,4.033294332719412,4.899140187211775,66.89719217612958,6.0887148783952805,4.896752074164156,4.073764013228466,29.358659906149335
146.0,60.38807911661254,7.830079381978575,3.8499586341736296,4.728981623447965,66.48365531903153,6.920889626479678,5.266034932418937,4.496295760591808,30.953653354736122
147.0,61.85577190409694,8.018074461882906,3.7096702698698443,4.96071909244661,66.43766441086123,7.214474041485309,5.793155818557553,4.681429603374967,27.395174931646206
148.0,60.07954156753951,7.861080230145228,3.6556901118651135,4.72358786919567,66.4511293399922,7.246957558355814,5.779861881885801,4.702289828817308,27.527340925827943
149.0,61.90935669488056,7.591913965293215,3.863494648049766,4.7005754228161365,66.46844673122678,7.307358929973187,5.701683939169308,4.750107878338007,25.649843596170925
150.0,64.374467744146,7.311008271673547,4.031102146795257,4.706993583441284,66.25558620558279,7.22653875082684,4.27970140060816,4.68199504626194,22.751803255086948
151.0,62.615305091107814,7.375718157915427,4.0249419243126665,4.618885739295314,66.71289127563531,7.346401130543029,4.2964072474906985,4.860868279781118,18.79194268402335
152.0,62.17018088394256,7.42771192345221,4.073697027081485,4.618439486747394,66.77339954964876,7.362671878530502,4.333830737361026,4.874369682824124,18.945557357761622
153.0,61.61374354014328,7.343824002194841,4.2375904682036705,4.525542122602009,66.87041460081035,7.15561951174581,4.2526363348830625,4.7423530064115225,19.202852926900995
154.0,57.20653320161926,5.63711036748631,3.0652415604077645,3.225108192242638,66.96899182726533,5.155657436582352,3.2736539791136345,3.420648550915639,19.36805682763491
155.0,51.994256991591314,6.13808275830592,3.0796111355224807,3.1921001641971385,67.00052851268077,5.035682941365731,3.1545886446470788,3.341946976897492,14.961969049589609
156.0,44.79057791032051,6.846623123452207,3.29019240411103,3.0670728658328668,67.15650506846893,5.612747805576897,4.387855893129855,3.7570282980137826,13.657645355078408
157.0,47.34510313626428,7.431212792082908,3.789371511346968,3.51879095303445,66.8152813373614,5.5166883493841565,4.39662342557706,3.6739381988685693,10.874741609199672
158.0,47.01338278578479,7.550886909296758,3.697939825234727,3.5504501303490894,66.90657607391844,5.452991063616917,4.371086281825643,3.636287344207704,10.944963640620557
159.0,46.64246706472354,7.576529697797296,3.7138380134532487,3.5343105887672603,67.02646790145484,5.52690145747526,4.376992244112459,3.69204288297766,11.055181759131495
160.0,48.01908377187658,6.613746403036265,2.8573599079324716,3.176207515971062,67.09582915506282,5.0599410807490415,3.364903046173561,3.3834306344986786,9.503232810403544
161.0,47.53920963998926,6.638408052287098,2.8898658233215913,3.1561498360772133,60.38902035547093,5.584960895358975,3.1135472373949113,3.3733403058873432,10.892887575320461
162.0,47.27207841036983,6.665369428108154,2.9278887825451063,3.1511662165482544,60.36042619087672,5.590672177352163,3.115794668443842,3.3751172744872324,10.93550918733495
163.0,47.02782877523334,6.696518094778231,2.97104456865294,3.149607971298875,60.33320527163141,5.596092027348608,3.117745824521906,3.376858859221028,10.969152183290962
164.0,47.019862358074455,6.8268660858173495,3.016582054967374,3.210555646713237,60.3249246455965,5.681664636187126,3.0248770046259716,3.42721168898324,10.76343578728738
165.0,47.91126625420728,7.007807431621885,3.4838188517616087,3.3584917977770408,60.34753294380385,5.8852443399421945,3.1753918776002283,3.552395105385217,9.939448317887917
166.0,48.826614388403236,6.902100515493968,3.5898331826979297,3.370931580080948,60.39570244344738,5.889656878849765,3.1839626939820453,3.557808580382629,9.851586132695102
167.0,49.727138999683895,6.795338977308653,3.6957098087179028,3.380207088108701,63.76057775707519,5.638861874302221,3.3102116097945493,3.4822955923160377,10.403191232977887
168.0,48.12396540550781,7.726782749086726,4.189720614845672,3.7197064894597265,63.90450493313242,6.189482871869257,3.8827196788646643,3.830339550107867,11.681005154989796
169.0,50.28703199896901,7.437711495458281,4.0029940574295155,3.7411759064860033,60.324379286520234,6.56640580714228,3.752603502211047,3.961987698797598,7.432681043954504
170.0,50.00346331605799,7.461423686632061,4.032334614810789,3.731792645585794,60.30066588222889,6.557429236499282,3.538087435961954,3.954414560786518,7.439954461820686
171.0,48.55746532137806,7.647906509415218,3.970537722570755,3.714378677958241,59.406246553018406,6.653008336491083,3.47858964023927,3.952437040940626,7.128294513192859
172.0,48.20681631256005,7.682671362859465,3.9958876210272978,3.704298331752712,59.396605174939836,6.657519299255915,3.4764377990590623,3.9544114808479924,7.217217460325218
173.0,47.85135898975271,7.724841259899599,4.03174602816013,3.6971488805514294,59.394401539797286,6.661377137885251,3.474822892152961,3.9565434916273725,7.2997576722794735
174.0,47.955714436110455,7.874421312943146,4.170675645833866,3.7769090818741353,59.393776201636555,6.664790937477326,3.473297195721281,3.958508190017475,7.360477033444287
175.0,46.73005914266688,7.9641065112556735,4.188941024870619,3.7223884183771894,59.39538807247637,6.69267881855751,3.495763161472567,3.975118220633532,7.697824516026359
176.0,46.3597096796164,8.012509393358398,4.231002027936872,3.7151603359536853,59.39637119127057,6.69227943184534,3.495932338775594,3.9749079357388455,7.761258427980449
177.0,45.90270728689499,8.012165915751902,4.24388766848449,3.678378931165725,59.42171996712361,6.321732279727015,3.187726252081187,3.7559403681141306,7.824914435702177
178.0,46.68782598569258,7.9316419747274765,4.31764291492405,3.703827065267069,60.56817251065554,6.387425277386168,3.1349198295423015,3.7913155480352434,9.842137959635139
179.0,46.290351182544974,7.990379152760927,4.358401234698874,3.6992504752080904,60.63539952828527,6.383727621355511,3.1374119827347116,3.789582378340381,9.904517139329393
180.0,45.901213548434725,7.223090465805336,4.128314501290006,3.316206660539857,60.70214066995687,5.366251307617477,3.1911444240375655,3.1865701728172646,9.96811323688306
181.0,38.528122037215546,6.895864542966687,3.88473136532709,2.6570796535809835,61.53939767960226,4.447035968401739,2.7911025021280107,2.668573803419572,14.742135758581547
182.0,38.196846680576364,6.9400294459841705,3.923746777380531,2.6509685239959886,61.49504212802492,4.449225880475317,2.79640087629937,2.6678976325775086,14.730862694433494
183.0,37.91438147035413,6.97955313129654,3.9654742745842264,2.6465036516971323,61.439038833847526,4.454402022468243,2.806284006507843,2.6603103401183823,14.763160702320743
184.0,37.628937829403945,7.02162372084975,4.00872027083109,2.64239632782952,61.383095916558496,4.457339912500735,2.813729091841682,2.660596964780501,14.729470704660248
185.0,37.33970297958755,7.064443015537707,4.052290168345896,2.6380187168794476,61.35020186770351,4.4582636699920934,2.835990865606276,2.6646685836260033,14.650179289287149
186.0,37.04755892711345,7.107456494145836,4.096381200751922,2.6334606174795243,61.276040891887625,4.459533450281077,2.838620410111033,2.664311138013007,14.624855957789384
187.0,39.05203119170579,6.93017101749459,4.119743467728192,2.7066045243734584,61.21775376041645,4.459934272288661,2.8405594048562963,2.6619955126360466,12.299166776006844
188.0,38.80159039069208,6.9677191047094675,4.162097195166902,2.70390586323854,61.06367360392622,4.4613351089109115,2.845061061417359,2.6560423032508242,12.22737885185646
189.0,38.55166218273912,7.00649871012505,4.204384884186592,2.7012430108948613,61.06682628856428,4.454926824737761,2.8421932113666926,2.6523656338961934,12.155893995544861
190.0,35.936576502785144,7.254440382410281,4.125573625512167,2.6071644856696765,61.01432241277851,4.366445834015522,3.2319703795988755,2.5978608573643394,14.46809780775043
191.0,33.5122768776861,8.115146408590647,3.5602285627763957,2.7198794569769387,64.53524568370949,4.0538183400123415,2.7034461286731015,2.6165463835479654,12.72525488182824
192.0,33.43401737976434,8.129632214723658,3.5558154273922,2.718382161032399,64.64289142630633,4.033306776533194,2.6940239578733935,2.6077010168122454,12.847592134232972
193.0,33.439621031527615,8.133967608586522,3.5528634078615706,2.720251970475356,64.79342136640955,4.020340891194031,2.692000513666217,2.6053150100420632,12.847741537689826
194.0,33.44201648044444,8.137780821831528,3.5504917996373067,2.72182641841976,64.9465554198021,4.008152844599743,2.691154985533897,2.603517417845949,12.88531060217915
195.0,33.445571502616076,8.141791644166647,3.548477577162283,2.7232823586469683,65.09537235408565,3.996026576582015,2.6944598458313624,2.601676036462962,12.923229104453474
196.0,38.80352940331941,7.419007118006257,3.8031538923699286,2.879078558559565,70.46567347181283,3.9275016707546753,2.7226393657894405,2.5672204485810513,12.630863200281075
197.0,38.41573946307748,7.495027348320256,3.7538102785207466,2.8795141212982736,70.72542057176406,3.916907803102453,2.721356009173119,2.5689512709589084,13.060955178860405
198.0,38.80679001981419,7.52339179111133,3.666672077628763,2.91972672681628,71.89637609177946,3.8190970217905256,2.74643059996235,2.5780670001090056,14.115705805369993
199.0,38.838522089699374,7.519502217925727,3.67130457933836,2.920641449995756,72.04442039597868,3.814979644402123,2.7478642003772564,2.5791658356789022,14.11099836383473
200.0,39.01015150531231,8.423046609370473,3.455010575963087,3.2859160387017736,72.11761026868415,4.917643382347257,3.7032980204128374,3.3291312160430597,10.787607882289116
201.0,35.044602944313816,8.954291821780943,3.1616648703988197,3.1378017140474763,68.24654864526258,4.877223856171973,3.8869011199076686,3.329211711917594,10.367893854782782
202.0,34.97566407999861,8.970254158366734,3.150511269911761,3.1372534321845507,68.41801241352017,4.874212602786651,3.8809455728996496,3.3354959620810183,10.358020813560579
203.0,34.90906098966131,8.985742018292722,3.1395326456178756,3.1366839921586296,68.58581817561854,4.871928213740435,3.8740321461911,3.342202649068387,10.355239260071734
204.0,34.84463807277768,9.000553426876596,3.129152795993612,3.1360856212101993,68.7362217824719,4.871888030739465,3.8675909662452765,3.349555854108926,10.352539853476022
205.0,34.78224701088925,9.015156691239651,3.1190936763055186,3.135451599388641,68.88440577555845,4.873483486796923,3.832471665033768,3.357722657500061,10.348038636342734
206.0,34.71934255806175,9.029299988365572,3.1085993781475127,3.134747817323419,69.00093278391925,4.8676231160173975,3.8202856256790985,3.359542415085883,10.335181877246873
207.0,34.65821772839568,9.042908499205486,3.0988781478250393,3.133990178146941,69.11468941238297,4.860413337134572,3.80779127763716,3.359873774793364,10.322377115043652
208.0,34.60667113718015,9.056619968279751,3.0893165099900433,3.1340431707644028,69.23387921941809,4.852406459921125,3.79532675355455,3.3602323698410315,10.309624962763934
209.0,34.55982763858275,9.070120013081066,3.080004672438286,3.134380940858647,69.35222031843678,4.846819805674235,3.7837370350243544,3.3620190313779386,10.296926046694505
210.0,34.514132770154376,9.08253426662626,3.071426824466447,3.134654919447389,69.42907879409537,4.828901980521256,4.229934765279497,3.3537618770868143,10.284329426007165
211.0,34.84588950279733,9.057652064768702,3.08658659441787,3.156165495436183,69.54644496227259,4.826257636961138,4.211399491803548,3.3576475207822694,10.029448762079614
212.0,34.8136844455297,9.067782704866405,3.0815070885434683,3.156804148040588,69.65951894405652,4.835679390727505,4.191569532968365,3.36961648615292,10.003204874253983
213.0,34.788669232427516,9.07616977994202,3.0781892969790587,3.157445693194826,69.75060040051903,4.824180990529994,4.174881002604423,3.366101166030811,9.96337868869585
214.0,35.73269854534989,8.885951227231544,3.2589794396027947,3.1750749523936763,69.8904761541311,4.818358135875327,4.164077305441287,3.3687698214618873,8.975619817492824
215.0,35.73247118847836,8.890043823587398,3.258238699514435,3.176572229739981,70.04564466712246,4.8157254245064,4.114574973392918,3.3744595579298475,8.946460606935995
216.0,35.71202543087701,8.898562059618605,3.2532615675459398,3.177714798223334,70.20805638261227,4.809388916438079,4.103859823557651,3.3776946533878185,8.917335119315517
217.0,35.6869619352304,8.90770492383659,3.2477071487057536,3.178686652779072,70.37263889458634,4.802517113952875,4.092784084837275,3.3808228090785537,8.888239660226482
218.0,35.65366508494297,8.917881606240732,3.2409563849632916,3.179422208685913,70.55010536858504,4.794990487437686,4.0813000685937375,3.3839049061236817,8.859170546853187
219.0,35.6151124586639,8.928933192483766,3.2335258254658337,3.1799322177463134,70.7317183359804,4.786720662802039,4.068580812562815,3.386807289550819,8.830124106258689
220.0,35.57263253810832,8.902553270977227,3.338040499676072,3.166807126733057,70.91141584976148,4.73955327973325,3.3908842145058284,3.3618907110634226,8.801096673748873
221.0,37.821324366357324,8.611445309506175,3.4304150411939904,3.2568400382454605,66.53179876414006,4.6170860242818925,3.1740863579881684,3.0728078203551514,9.112369753701993
222.0,37.81199932206027,8.623611254525485,3.4235874788601866,3.2605986966783482,66.60776524980982,4.617711963340403,3.1813134908096417,3.0767795160434535,9.059376329585657
223.0,37.80228763622972,8.635574645487175,3.4167536988394316,3.2642637564287527,66.6641664599276,4.619952695207638,3.1908379501385045,3.0808038801948796,9.006777603548151
224.0,37.79191776928358,8.647142530088,3.4099820789479,3.2678002875285292,66.6593282225748,4.628373388806688,3.20057891634936,3.086335519634191,8.954568035887846
225.0,37.7758473575052,8.660138607212877,3.4025325297816447,3.2712270312709535,66.64291380740052,4.648548550696946,3.1903543868811064,3.0990398201905927,8.896298270633958
226.0,37.72973359693979,8.678261201560792,3.390978743877291,3.2741861840099897,66.82356316823098,4.65373368259275,3.198241596498821,3.110742034360215,8.867302776480573
227.0,37.68643332948147,8.694644181917457,3.3798404135272317,3.276659751596247,66.99648044676431,4.65781097787094,3.207029367551998,3.1217521410682942,8.838300153257627
228.0,37.6532129638706,8.7092853140819,3.370199286022214,3.2791573184855225,67.1674648036167,4.660613116540424,3.2153671743538297,3.1315154377934493,8.809504891520112
229.0,37.61245345443685,8.722221092723466,3.361620613814617,3.2805156729987166,67.3402785031258,4.662441170302992,3.223008638936437,3.1408172546263273,8.85878380533138
230.0,33.040669933244764,10.93074847929251,3.46920444054592,3.611534324596692,61.72005801338877,5.103645939707768,3.2095892924066978,3.1501516809675456,13.009452656807003
231.0,33.77666123847734,10.561499422762994,3.7605472006281984,3.567288540977,61.3124880712284,6.129424120504808,3.573119588418993,3.759357183893343,14.370426947337366
232.0,33.72438642028564,10.555818912885854,3.78735106550755,3.5597727621684254,61.48303386529423,6.138833184933471,3.5796744981434925,3.7756229060871314,14.419166874605258
233.0,35.24535287816356,10.612378251835342,3.737669653374361,3.740357546234519,63.9943656365348,6.146262493706126,3.5863261708591185,3.7918176971963677,12.882502962978387
234.0,35.185394204732866,10.614228933460012,3.763872175694198,3.734495699112414,64.27337757816449,6.142280082310005,3.5992782981822944,3.806736087310609,12.928730341975621
235.0,35.122627520897304,10.615113922437933,3.7905587384343096,3.7282600621778843,64.33887795910988,6.195654563572176,3.5567316444157155,3.8439556331986506,12.976212265789453
236.0,36.789536056116155,10.221849584659576,4.12974699591889,3.760439474109617,65.89333900813402,6.074748658059302,3.627089398709665,3.863692115350641,14.914655888702258
237.0,36.67486484414238,10.231329235459533,4.1494708063743335,3.752262943304538,69.5391343361731,5.880876326009088,3.7302033446540586,3.8088579099313793,16.825756890951965
238.0,36.5605652272112,10.241737702525668,4.169685467524836,3.744201626164082,69.50608857822644,5.8821423382724145,3.7420638136337216,3.801100413129166,16.811789974534697
239.0,34.86562589263485,10.627500440518892,3.8947979474060492,3.7051672661592,66.52511322437536,6.1714395669238264,3.5606946881363823,3.9651573826814746,13.212853563982353
240.0,34.84353567025852,10.914778542467877,3.7718222218240545,3.8030116253049724,66.56673180803716,5.875228797431608,3.182784167411458,3.7772838353243965,13.260533317686784
241.0,34.36064243547987,10.97219102946417,3.9367341101538016,3.770212211158863,66.8307240587191,5.943704157968196,3.194160711054652,3.8378744347967064,14.13346719597805
242.0,34.333718433373434,10.95655684674738,3.9482313838519754,3.761822834671996,66.81190100145601,5.9276197458897615,3.189853567192232,3.82729081858531,14.182368203554704
243.0,34.306020267545605,10.939949603804346,3.960277248227537,3.7531140711970785,66.79729108069836,5.909176874762625,3.185838632834368,3.8153565460459937,14.230936642127574
244.0,34.27753198724856,10.923092789717188,3.972715747635776,3.744085388093692,66.80796078342375,5.887959726764871,3.1776204058937676,3.8032872953399894,14.279180663696238
245.0,34.24823723861045,10.904859058362,3.986007968421765,3.7347351439206853,66.83045799334552,5.899421267770235,3.1356642762545914,3.812915603348474,14.327108226228336
246.0,34.34094807245032,10.894062741789831,3.9940505695969257,3.74114848655432,68.9438351937822,5.705711349100781,3.2176233035351554,3.8090718382491198,17.307173815331126
247.0,34.17015578168656,10.851603153083369,3.9944736212327454,3.7080714011207427,67.70430023926885,5.788488396918001,3.140998464539678,3.793706960094539,13.675670775653073
248.0,34.14582025654539,10.842985006473887,4.022041237783312,3.702546832510248,67.629698892027,5.769080010012609,3.128746976251431,3.7776686430518827,13.799664700369437
249.0,34.14304899634419,10.83178213306104,4.050904395636112,3.698467997264967,67.46047825761268,6.87678982451151,7.830009938302239,4.492541200148875,14.31406080081037
